<?xml version="1.0" encoding="UTF-8"?>
<beans xmlns="http://www.springframework.org/schema/beans"
	xmlns:xsi="http://www.w3.org/2001/XMLSchema-instance"
	xmlns:context="http://www.springframework.org/schema/context"
	xmlns:mybatis-spring="http://mybatis.org/schema/mybatis-spring"
	xmlns:mvc="http://www.springframework.org/schema/mvc"
	xsi:schemaLocation="http://mybatis.org/schema/mybatis-spring http://mybatis.org/schema/mybatis-spring-1.2.xsd
		http://www.springframework.org/schema/mvc http://www.springframework.org/schema/mvc/spring-mvc-4.3.xsd
		http://www.springframework.org/schema/beans https://www.springframework.org/schema/beans/spring-beans.xsd
		http://www.springframework.org/schema/context http://www.springframework.org/schema/context/spring-context-4.3.xsd">
	
	<!-- Root Context: defines shared resources visible to all other web components -->
		<!-- DB관련 설정을 해준다 -->
		
		<!-- 커넥션 풀 빈으로 등록하기 -->
		<bean id="hikariConfig" class="com.zaxxer.hikari.HikariConfig">
			<property name="driverClassName" value="com.mysql.cj.jdbc.Driver"></property>
			<property name="jdbcUrl" value="jdbc:mysql://localhost:3306/spring?serverTimezone=Asia/Seoul"></property>
			<property name="username" value="spring"></property>
			<property name="password" value="spring"></property>
		</bean>		
		
		<!-- dataSource -->
		<bean id = "dataSource" class="com.zaxxer.hikari.HikariDataSource">
		<constructor-arg ref="hikariConfig"></constructor-arg><!--  속성자 -->
		</bean>
		
		
		<bean id="sqlSessionFactory" class="org.mybatis.spring.SqlSessionFactoryBean">
		<property name="dataSource" ref="dataSource"></property>
		</bean>
		
		<mybatis-spring:scan base-package="com.zerock.board.mapper"/>
		<mybatis-spring:scan base-package="com.zerock.member.mapper"/>
</beans>
