<?xml version="1.0" encoding="UTF-8"?>
<!DOCTYPE mapper
  PUBLIC "-//mybatis.org//DTD Mapper 3.0//EN"
  "http://mybatis.org/dtd/mybatis-3-mapper.dtd">
  
	<!-- 구현하고 있는 인터페이스 경로 -->
  <mapper namespace ="com.zerock.board.mapper.BoardMapper">
  	<!-- id 인터페이스의 실행할 추상메서드명 -->
  	<!-- 전달 되는 VO의 멤버젼수와 #{이름} 정확히 일치 해야 한다 -->
  	<insert id ="insertBoard">
  		insert into tbl_board(title, content, writer)
  			value(#{title}, #{content}, #{writer})
  	
  	</insert>
  	<!-- resultType = sql문에 결과에 컬럼타입을 자동으로 맵핑한다 -->
  	<select id = "getList" resultType="com.zerock.board.command.BoardVO">
  		select * from tbl_board order by num desc
  	</select>
  	<!-- 단일값은 그냥 넣어줄수 있지만 다중값은 map이나 command객체를 이용해야 한다 -->
  	<!-- parameterType속성: 구문에 전달될 타입 -->
  	<select id = "getContent" parameterType = "int" resultType="com.zerock.board.command.BoardVO">
  		select * from tbl_board where num = #{num}
  	</select>
  	
  	
  	 	<!-- quiz -->
  	<!-- 게시판 업데이트 -->
  	<update id="updateBoard"
		parameterType="com.zerock.board.command.BoardVO">
		
		update tbl_board set
			content=#{content},
			title=#{title},
			writer=#{writer},
			updatedate= current_timestamp
		where num = #{num}
	</update>

	<!-- 게시판 삭제 -->
	<delete id="deleteBoard" parameterType="int">
		delete from tbl_board where num = #{num}
	</delete>
	
	<!-- 페이징 쿼리 -->
	<select id = "pageingList" parameterType="com.zerock.board.command.Criteria"
				 				resultType="com.zerock.board.command.BoardVO">
	
		select * 
			from tbl_board
			order by num desc
			limit #{pageStart}, #{count};
			<!-- pageStarts는 0, 10, 20...110증가 -->
			<!-- limit (시작데이터, 출력할 데이터 수) -->
	</select>
	
	<!-- 전체 게시글 수 -->
	<select id="getTotal" resultType="int"><!-- 하나같은 경우는 단일값으로 받을 수 있다 -->
		select count(*) as total from tbl_board;
	</select>
	
  	</mapper>