<?xml version="1.0" encoding="UTF-8"?>
<beans:beans xmlns="http://www.springframework.org/schema/mvc"
	xmlns:xsi="http://www.w3.org/2001/XMLSchema-instance"
	xmlns:beans="http://www.springframework.org/schema/beans"
	xmlns:context="http://www.springframework.org/schema/context"
	xmlns:aop="http://www.springframework.org/schema/aop"
	xsi:schemaLocation="http://www.springframework.org/schema/mvc https://www.springframework.org/schema/mvc/spring-mvc.xsd
		http://www.springframework.org/schema/beans https://www.springframework.org/schema/beans/spring-beans.xsd
		http://www.springframework.org/schema/context https://www.springframework.org/schema/context/spring-context.xsd
		http://www.springframework.org/schema/aop http://www.springframework.org/schema/aop/spring-aop-4.3.xsd">
	
	<!-- 스프링 설정파일 여러개 사용하기 -->
	<!-- 1.web.xml에 새로운 설정파일 추가, 2.servlet-context.xml의 걸정을 복사해서 가져옴 -->
	
	<!-- 인터셉터의 기능을 실행하도록 설정 -->
	<!--  mappgin태그의 요청이 들어오면, 아래의 bean클래스를 실행 -->
	<interceptors>
		<interceptor>
		<mapping path="/session/myPage"/>
		<mapping path="/session/updatePage"/>
		
		<beans:bean class="com.zerock.util.LoginInterceptor"/>
		</interceptor>
	
	
	<!-- board에 대한 인터셉터 -->
		
		<interceptor>
			<mapping path="/board/delete"/>	
			<mapping path="/board/update"/>
			<mapping path="/board/modify"/>
			<mapping path="/board/register"/>	
			<beans:bean class="com.zerock.util.BoardInterceptor"/>
		</interceptor>
		
	</interceptors>
	
	<!-- 1.aop라이브러리 다운 -->
	<!-- 2.namespace추가 -->
	<!-- aop스캔 명령 -->
	<context:component-scan base-package="com.zerock.util"/>
	<!-- aop어노테이션을 사용할 수 있게 하는 태그 추가 -->
	<aop:aspectj-autoproxy/> 
</beans:beans>
